chi_eff,mass_ratio,label
0.1729095104595008,0.3605278878376452,MaL
0.2461,0.3923,Random
